Date,Open,Low,High,Close,Volume,Amount
2009-10-30 00:00:00,1.627,1.382,2.610,1.779,164270,732547300.00
2009-11-06 00:00:00,1.579,1.579,1.873,1.627,212560,904043300.00
2009-11-13 00:00:00,1.617,1.427,1.630,1.592,92143,362504900.00
2009-11-20 00:00:00,1.587,1.560,1.837,1.743,104874,450991900.00
2009-11-27 00:00:00,1.759,1.583,1.862,1.743,141145,616981500.00
2009-12-04 00:00:00,1.742,1.717,1.958,1.775,164898,762760100.00
2009-12-11 00:00:00,1.770,1.718,1.998,1.739,107648,503450200.00
2009-12-18 00:00:00,1.739,1.449,1.806,1.703,98749,417802800.00
2009-12-25 00:00:00,1.650,1.565,1.939,1.776,198803,906505000.00
2010-01-01 00:00:00,1.757,1.619,1.828,1.681,80193,349494600.00
2010-01-08 00:00:00,1.689,1.529,1.701,1.564,63704,264974700.00
2010-01-15 00:00:00,1.560,1.541,1.873,1.734,96412,418645200.00
2010-01-22 00:00:00,1.746,1.500,1.800,1.528,59596,252022400.00
2010-01-29 00:00:00,1.516,1.368,1.557,1.395,38581,145886900.00
2010-02-05 00:00:00,1.234,1.116,1.395,1.193,84367,274516000.00
2010-02-12 00:00:00,1.202,1.182,1.381,1.361,54387,182186800.00
2010-02-26 00:00:00,1.359,1.270,1.408,1.355,85621,303350400.00
2010-03-05 00:00:00,1.337,1.247,1.416,1.277,68578,240635200.00
2010-03-12 00:00:00,1.287,1.222,1.388,1.336,88291,301774400.00
2010-03-19 00:00:00,1.323,1.323,1.416,1.387,106946,383690800.00
2010-03-26 00:00:00,1.382,1.359,1.647,1.499,227522,892617900.00
2010-04-02 00:00:00,1.493,1.427,1.644,1.578,149212,589954200.00
2010-04-09 00:00:00,1.585,1.584,1.738,1.685,115877,487115800.00
2010-04-16 00:00:00,1.691,1.449,1.799,1.533,115573,482171900.00
2010-04-23 00:00:00,1.516,1.358,1.560,1.461,87519,332954600.00
2010-04-30 00:00:00,1.417,1.188,1.421,1.248,70423,241621900.00
2010-05-07 00:00:00,1.194,1.137,1.304,1.146,56601,117597200.00
2010-05-14 00:00:00,1.146,0.934,1.174,1.006,74096,121128000.00
2010-05-21 00:00:00,0.994,0.836,0.994,0.971,87951,133040000.00
2010-05-28 00:00:00,0.978,0.978,1.101,1.080,112404,187427200.00
2010-06-04 00:00:00,1.072,0.921,1.084,1.033,85334,137129800.00
2010-06-11 00:00:00,1.004,0.995,1.669,1.609,466222,967506600.00
2010-06-25 00:00:00,1.426,1.266,1.656,1.308,371677,810132200.00
2010-07-02 00:00:00,1.266,1.069,1.284,1.138,230135,430392000.00
2010-07-09 00:00:00,1.092,1.039,1.166,1.133,230288,404554500.00
2010-07-16 00:00:00,1.133,1.031,1.256,1.075,250655,458339900.00
2010-07-23 00:00:00,1.048,1.038,1.304,1.304,228511,426882800.00
2010-07-30 00:00:00,1.313,1.255,1.364,1.274,254547,513792200.00
2010-08-06 00:00:00,1.283,1.221,1.348,1.331,201152,405183000.00
2010-08-13 00:00:00,1.332,1.266,1.449,1.414,246086,514091300.00
2010-08-20 00:00:00,1.411,1.288,1.477,1.297,187234,398938700.00
2010-08-27 00:00:00,1.297,1.222,1.338,1.256,101223,200278400.00
2010-09-03 00:00:00,1.268,1.168,1.294,1.228,122826,234652300.00
2010-09-10 00:00:00,1.226,1.168,1.270,1.262,134610,255835200.00
2010-09-17 00:00:00,1.268,1.031,1.281,1.045,154774,278126600.00
2010-09-24 00:00:00,1.045,0.941,1.054,0.947,37552,59309300.00
2010-10-01 00:00:00,0.948,0.879,0.976,0.913,59565,89967940.00
2010-10-08 00:00:00,0.911,0.911,0.961,0.954,15842,24352550.00
2010-10-15 00:00:00,0.967,0.937,1.029,0.947,115052,184182300.00
2010-10-22 00:00:00,0.936,0.883,1.297,1.273,269406,493602300.00
2010-10-29 00:00:00,1.312,1.256,1.544,1.311,405408,850259300.00
2010-11-05 00:00:00,1.283,1.132,1.360,1.190,312003,596502200.00
2010-11-12 00:00:00,1.195,1.092,1.299,1.092,310249,593858500.00
2010-11-19 00:00:00,1.092,1.092,1.217,1.206,197363,357954600.00
2010-11-26 00:00:00,1.202,1.145,1.288,1.234,256929,490215600.00
2010-12-03 00:00:00,1.222,1.145,1.281,1.233,234750,442941400.00
2010-12-10 00:00:00,1.228,1.080,1.228,1.127,140408,252027700.00
2010-12-17 00:00:00,1.138,1.127,1.288,1.228,209864,396342000.00
2010-12-24 00:00:00,1.236,1.111,1.318,1.121,182634,351171400.00
2010-12-31 00:00:00,1.117,1.001,1.156,1.057,106342,178259100.00
2011-01-07 00:00:00,1.076,1.039,1.084,1.054,69150,117114500.00
2011-01-14 00:00:00,1.066,0.973,1.107,0.987,82991,137844900.00
2011-01-21 00:00:00,0.977,0.891,1.003,0.907,56532,86581710.00
2011-01-28 00:00:00,0.909,0.885,0.981,0.957,49295,75026500.00
2011-02-04 00:00:00,0.949,0.944,0.975,0.954,22438,34813850.00
2011-02-11 00:00:00,0.946,0.922,1.159,1.143,113261,196332100.00
2011-02-18 00:00:00,1.137,1.061,1.179,1.075,197926,347988200.00
2011-02-25 00:00:00,1.064,1.035,1.118,1.077,103839,176663800.00
2011-03-04 00:00:00,1.076,1.022,1.111,1.039,114360,195024800.00
2011-03-11 00:00:00,1.039,1.031,1.088,1.043,101118,170362400.00
2011-03-18 00:00:00,1.035,0.970,1.049,0.982,80423,129409200.00
2011-03-25 00:00:00,0.979,0.963,1.014,1.012,53809,86148370.00
2011-04-01 00:00:00,1.011,0.978,1.059,1.044,121074,198152700.00
2011-04-08 00:00:00,1.036,1.002,1.069,1.051,88450,147464800.00
2011-04-15 00:00:00,1.043,0.975,1.046,0.988,98771,160324000.00
2011-04-22 00:00:00,0.971,0.952,0.989,0.979,59180,92949380.00
2011-04-29 00:00:00,0.982,0.850,0.982,0.871,47972,71432300.00
2011-05-06 00:00:00,0.871,0.848,0.927,0.907,48291,70709170.00
2011-05-13 00:00:00,0.904,0.887,0.938,0.897,31781,47268510.00
2011-05-20 00:00:00,0.903,0.852,0.925,0.861,39019,56854350.00
2011-05-27 00:00:00,0.854,0.727,0.862,0.758,70247,93593890.00
2011-06-03 00:00:00,0.772,0.739,0.803,0.792,43752,57696700.00
2011-06-10 00:00:00,0.791,0.742,0.805,0.763,24457,32247850.00
2011-06-17 00:00:00,0.750,0.698,0.786,0.702,38824,49625730.00
2011-06-24 00:00:00,0.703,0.682,0.753,0.742,51917,64294200.00
2011-07-01 00:00:00,0.743,0.743,0.784,0.779,54154,70251780.00
2011-07-08 00:00:00,0.784,0.780,0.828,0.803,66111,88657390.00
2011-07-15 00:00:00,0.799,0.775,0.878,0.844,63817,87062560.00
2011-07-22 00:00:00,0.840,0.802,0.861,0.805,39075,53558030.00
2011-07-29 00:00:00,0.802,0.743,0.870,0.870,58594,79574300.00
2011-08-05 00:00:00,0.872,0.784,0.912,0.803,201976,286557200.00
2011-08-12 00:00:00,0.793,0.682,0.832,0.797,109702,141838100.00
2011-08-19 00:00:00,0.797,0.751,0.840,0.782,96359,130221300.00
2011-08-26 00:00:00,0.776,0.776,0.887,0.871,125725,174507600.00
2011-09-02 00:00:00,0.861,0.807,0.878,0.826,79111,110209500.00
2011-09-09 00:00:00,0.822,0.766,0.822,0.783,35801,47562220.00
2011-09-16 00:00:00,0.756,0.752,0.792,0.774,20160,26188380.00
2011-09-23 00:00:00,0.777,0.739,0.792,0.770,31165,40195460.00
2011-09-30 00:00:00,0.760,0.706,0.802,0.720,39243,50502840.00
2011-10-14 00:00:00,0.723,0.698,0.778,0.767,33816,42919840.00
2011-10-21 00:00:00,0.777,0.699,0.871,0.704,211277,284799300.00
2011-10-28 00:00:00,0.704,0.682,0.840,0.818,165390,217779500.00
2011-11-04 00:00:00,0.817,0.804,0.985,0.926,344785,505488900.00
2011-11-11 00:00:00,0.924,0.902,1.037,0.947,338436,527457800.00
2011-11-18 00:00:00,0.966,0.874,0.981,0.874,177993,270973400.00
2011-11-25 00:00:00,0.871,0.842,0.898,0.870,143420,205071900.00
2011-12-02 00:00:00,0.877,0.767,0.882,0.777,130563,178964200.00
2011-12-09 00:00:00,0.781,0.712,0.807,0.772,95793,122779600.00
2011-12-16 00:00:00,0.758,0.716,0.884,0.884,152134,203719900.00
2011-12-23 00:00:00,0.862,0.764,0.917,0.878,242922,344101900.00
2011-12-30 00:00:00,0.905,0.748,0.950,0.786,159636,219371300.00
2012-01-06 00:00:00,0.796,0.621,0.803,0.674,92264,111675200.00
2012-01-13 00:00:00,0.673,0.642,0.786,0.672,143511,177488300.00
2012-01-20 00:00:00,0.648,0.644,0.734,0.710,81167,96671420.00
2012-02-03 00:00:00,0.718,0.676,0.742,0.739,67272,82069170.00
2012-02-10 00:00:00,0.733,0.709,0.788,0.773,99814,127133800.00
2012-02-17 00:00:00,0.765,0.756,0.875,0.864,129567,177776500.00
2012-02-24 00:00:00,0.880,0.865,0.955,0.909,253004,378494500.00
2012-03-02 00:00:00,0.908,0.849,0.932,0.893,175180,254060100.00
2012-03-09 00:00:00,0.894,0.843,0.921,0.915,155159,225956200.00
2012-03-16 00:00:00,0.915,0.894,1.092,1.042,301811,475735200.00
2012-03-23 00:00:00,1.039,0.982,1.144,1.115,340617,580982100.00
2012-03-30 00:00:00,1.100,0.923,1.160,0.991,241007,393235400.00
2012-04-06 00:00:00,0.998,0.972,1.105,1.084,91383,152154500.00
2012-04-13 00:00:00,1.073,0.988,1.114,1.084,201303,337836900.00
2012-04-20 00:00:00,1.071,1.012,1.112,1.035,147550,246292400.00
2012-04-27 00:00:00,1.029,0.895,1.029,0.947,122672,187132500.00
2012-05-04 00:00:00,0.955,0.926,1.013,0.998,76414,118937400.00
2012-05-11 00:00:00,0.998,0.926,1.016,0.930,112579,177025900.00
2012-05-18 00:00:00,0.944,0.896,0.956,0.905,74209,111717100.00
2012-05-25 00:00:00,0.898,0.887,0.952,0.896,73637,110268800.00
2012-06-01 00:00:00,0.882,0.852,0.991,0.959,114680,171892500.00
2012-06-08 00:00:00,0.934,0.881,0.949,0.926,97795,143833900.00
2012-06-15 00:00:00,0.928,0.922,1.012,0.996,139357,215667200.00
2012-06-22 00:00:00,0.999,0.969,1.033,0.981,117642,186574700.00
2012-06-29 00:00:00,0.972,0.915,1.048,1.035,108675,170295000.00
2012-07-06 00:00:00,1.035,0.981,1.075,1.029,120297,195662300.00
2012-07-13 00:00:00,1.026,0.960,1.077,1.065,110837,179657200.00
2012-07-20 00:00:00,1.073,0.991,1.132,1.061,128912,215048900.00
2012-07-27 00:00:00,1.061,1.024,1.102,1.064,85574,142823800.00
2012-08-03 00:00:00,1.050,1.031,1.201,1.191,168328,291125200.00
2012-08-10 00:00:00,1.173,1.173,1.275,1.225,204609,387922000.00
2012-08-17 00:00:00,1.211,1.148,1.276,1.212,90953,169676800.00
2012-08-24 00:00:00,1.213,1.184,1.407,1.276,169530,340217200.00
2012-08-31 00:00:00,1.259,1.177,1.373,1.278,128534,250600300.00
2012-09-07 00:00:00,1.259,1.259,1.375,1.354,117661,236913600.00
2012-09-14 00:00:00,1.354,1.347,1.477,1.433,116556,250150400.00
2012-09-21 00:00:00,1.414,1.323,1.429,1.341,73018,151374000.00
2012-09-28 00:00:00,1.329,1.177,1.335,1.247,112861,216276000.00
2012-10-12 00:00:00,1.247,1.232,1.344,1.281,57194,112392100.00
2012-10-19 00:00:00,1.259,1.195,1.285,1.241,47491,90179100.00
2012-10-26 00:00:00,1.234,1.133,1.263,1.141,40896,74990130.00
2012-11-02 00:00:00,1.140,1.038,1.153,1.128,94105,161025300.00
2012-11-09 00:00:00,1.128,1.041,1.133,1.066,54170,91487200.00
2012-11-16 00:00:00,1.067,0.968,1.107,0.972,45769,74611620.00
2012-11-23 00:00:00,0.994,0.963,1.057,1.027,39758,63517440.00
2012-11-30 00:00:00,1.039,0.874,1.039,0.893,40768,60959280.00
2012-12-07 00:00:00,0.894,0.824,0.957,0.938,125284,181544200.00
2012-12-14 00:00:00,0.939,0.909,1.010,0.993,86840,131606100.00
2012-12-21 00:00:00,0.978,0.966,1.033,1.013,73955,116745300.00
2012-12-28 00:00:00,1.004,1.002,1.114,1.095,103199,172149100.00
2013-01-04 00:00:00,1.088,1.004,1.105,1.012,50021,81909790.00
2013-01-11 00:00:00,1.014,1.005,1.181,1.094,147693,254627400.00
2013-01-18 00:00:00,1.092,1.092,1.245,1.209,94533,173723500.00
2013-01-25 00:00:00,1.206,1.196,1.392,1.376,176965,353919900.00
2013-02-01 00:00:00,1.377,1.323,1.437,1.373,92002,189780300.00
2013-02-08 00:00:00,1.381,1.259,1.395,1.369,86541,173409900.00
2013-02-22 00:00:00,1.370,1.338,1.513,1.464,90080,193287600.00
2013-03-01 00:00:00,1.559,1.527,1.688,1.628,156483,370973000.00
2013-03-08 00:00:00,1.616,1.600,1.802,1.613,129852,324194800.00
2013-03-15 00:00:00,1.619,1.555,1.807,1.750,134944,330637600.00
2013-03-22 00:00:00,1.752,1.695,2.016,1.991,133954,361530400.00
2013-03-29 00:00:00,1.996,1.938,2.120,2.064,126475,372852900.00
2013-04-05 00:00:00,2.045,1.975,2.294,1.999,83144,249946800.00
2013-04-12 00:00:00,1.923,1.923,2.155,2.007,92642,274578900.00
2013-04-19 00:00:00,2.006,1.885,2.295,2.211,84378,256003100.00
2013-04-26 00:00:00,2.210,2.178,2.529,2.310,108315,368729200.00
2013-05-03 00:00:00,2.318,2.288,2.522,2.318,45293,154644800.00
2013-05-10 00:00:00,2.318,2.318,2.810,2.626,219839,803639500.00
2013-05-17 00:00:00,2.626,2.455,2.717,2.538,153215,560034300.00
2013-05-24 00:00:00,2.550,2.315,2.673,2.465,216068,765959900.00
2013-05-31 00:00:00,2.455,2.386,2.721,2.389,131453,484634000.00
2013-06-07 00:00:00,2.394,2.272,2.489,2.399,131731,450694000.00
2013-06-14 00:00:00,2.326,2.292,2.732,2.606,70923,255802400.00
2013-06-21 00:00:00,2.614,2.394,2.713,2.493,109673,402819100.00
2013-06-28 00:00:00,2.470,2.177,3.000,2.771,176702,659203300.00
2013-07-05 00:00:00,2.774,2.675,3.077,2.675,164757,674384500.00
2013-07-12 00:00:00,2.569,2.512,3.533,3.328,151198,642430600.00
2013-07-19 00:00:00,3.404,3.381,3.984,3.791,173270,902066100.00
2013-07-26 00:00:00,3.685,3.644,4.257,3.746,133385,715320000.00
2013-08-02 00:00:00,3.683,3.336,4.140,3.935,166161,858714600.00
2013-08-09 00:00:00,3.934,3.393,4.140,3.630,115092,605647900.00
2013-08-16 00:00:00,3.572,3.431,3.986,3.723,107615,555059800.00
2013-08-23 00:00:00,3.723,3.723,4.412,4.194,122408,694096000.00
2013-08-30 00:00:00,4.277,3.898,4.505,3.904,118787,689381600.00
2013-09-06 00:00:00,3.848,3.848,4.170,4.054,92936,513342300.00
2013-09-13 00:00:00,4.054,3.601,4.099,3.816,123592,643080100.00
2013-09-20 00:00:00,3.816,3.722,4.031,3.753,95215,507636800.00
2013-09-27 00:00:00,3.755,3.672,4.445,3.890,163665,911996900.00
2013-10-04 00:00:00,3.895,3.889,4.211,4.140,25571,143691600.00
2013-10-11 00:00:00,4.216,4.026,4.595,4.140,142953,836742100.00
2013-10-18 00:00:00,4.572,4.572,5.446,5.116,187489,1319394000.00
2013-10-25 00:00:00,5.204,4.784,5.857,4.838,229302,1652519000.00
2013-11-01 00:00:00,4.758,4.668,5.545,5.264,185147,1285432000.00
2013-11-08 00:00:00,5.207,4.900,5.545,5.079,135638,964662800.00
2013-11-15 00:00:00,5.065,4.800,5.498,5.393,165645,1154404000.00
2013-11-22 00:00:00,5.436,4.831,5.574,4.961,191038,1339913000.00
2013-11-29 00:00:00,4.976,4.954,6.109,5.963,197255,1456964000.00
2013-12-06 00:00:00,5.659,4.855,6.220,4.967,305145,2273685000.00
2013-12-13 00:00:00,4.976,4.967,5.621,5.418,109776,794225300.00
2013-12-20 00:00:00,5.507,5.254,6.026,5.864,160774,1256747000.00
2013-12-27 00:00:00,5.887,5.758,6.871,6.183,255418,2161876000.00
2014-01-03 00:00:00,6.188,6.001,6.760,6.593,123452,1060131000.00
2014-01-10 00:00:00,6.630,6.421,7.208,6.684,157785,1455939000.00
2014-01-17 00:00:00,6.646,6.525,7.178,7.020,104016,973620400.00
2014-01-24 00:00:00,6.965,6.476,8.172,8.172,157248,1560750000.00
2014-01-31 00:00:00,8.356,8.156,9.448,8.946,152416,1780547000.00
2014-02-07 00:00:00,8.915,8.774,9.859,9.859,25679,322860900.00
2014-02-14 00:00:00,10.071,8.963,10.382,9.302,176956,2317835000.00
2014-02-21 00:00:00,9.161,9.161,10.519,9.912,145959,1930586000.00
2014-02-28 00:00:00,10.063,7.656,10.276,7.899,270581,3067879000.00
2014-03-07 00:00:00,7.709,7.489,8.915,8.640,261016,2902415000.00
2014-03-14 00:00:00,8.583,7.709,8.801,8.589,121408,1363199000.00
2014-03-21 00:00:00,9.296,8.780,10.139,9.675,234557,3009023000.00
2014-03-28 00:00:00,9.608,7.595,9.675,7.677,172583,2005217000.00
2014-04-04 00:00:00,7.753,7.201,8.278,7.490,171892,1770486000.00
2014-04-11 00:00:00,7.246,7.216,8.051,7.315,125611,1301242000.00
2014-04-18 00:00:00,7.341,7.338,8.013,7.847,86846,896466200.00
2014-04-25 00:00:00,7.823,7.633,8.279,7.838,118402,1277765000.00
2014-05-02 00:00:00,7.785,7.643,8.480,8.446,69065,750235500.00
2014-05-09 00:00:00,8.469,7.928,9.002,7.945,111620,1286937000.00
2014-05-16 00:00:00,8.015,7.671,8.807,7.760,132541,1469123000.00
2014-05-23 00:00:00,7.576,7.267,8.269,8.127,270888,1414406000.00
2014-05-30 00:00:00,8.134,8.026,8.981,8.768,369911,2108011000.00
2014-06-06 00:00:00,8.753,8.024,8.836,8.185,257730,1450149000.00
2014-06-13 00:00:00,8.168,7.582,8.168,7.953,290318,1538718000.00
2014-06-20 00:00:00,7.960,7.704,8.293,7.816,242806,1311665000.00
2014-06-27 00:00:00,7.821,7.792,8.930,8.631,267172,1514557000.00
2014-07-04 00:00:00,8.685,8.557,10.274,9.573,399712,2564649000.00
2014-07-11 00:00:00,9.618,9.163,10.605,9.504,354597,2346749000.00
2014-07-18 00:00:00,9.436,7.854,9.495,8.191,464780,2672390000.00
2014-07-25 00:00:00,8.193,7.569,8.551,8.024,317678,1726760000.00
2014-08-01 00:00:00,8.067,7.797,8.404,7.862,355171,1936211000.00
2014-08-08 00:00:00,7.891,7.780,8.610,8.510,371922,2053614000.00
2014-08-15 00:00:00,8.480,7.992,8.630,8.070,305297,1699616000.00
2014-08-22 00:00:00,8.071,8.070,8.677,8.480,480301,2712636000.00
2014-08-29 00:00:00,8.457,7.828,8.464,8.024,294585,1611373000.00
2014-09-05 00:00:00,8.024,7.948,8.924,8.675,473079,2686598000.00
2014-09-12 00:00:00,8.631,8.346,8.783,8.518,286649,1648852000.00
2014-09-19 00:00:00,8.518,8.249,8.935,8.399,371968,2135511000.00
2014-09-26 00:00:00,8.411,8.024,8.440,8.099,292471,1614590000.00
2014-10-03 00:00:00,8.158,8.127,8.358,8.316,111032,616381300.00
2014-10-10 00:00:00,8.300,8.158,8.575,8.190,204353,1151067000.00
2014-10-17 00:00:00,8.115,7.851,8.540,7.904,374825,2058348000.00
2014-10-24 00:00:00,7.923,7.205,8.050,7.258,269271,1411780000.00
2014-10-31 00:00:00,7.098,6.749,7.250,6.974,412299,1950266000.00
2014-11-07 00:00:00,6.992,6.957,7.217,6.980,276092,1322224000.00
2014-11-14 00:00:00,6.986,6.210,7.031,6.304,360688,1595459000.00
2014-11-21 00:00:00,6.373,6.228,6.884,6.646,336977,1511065000.00
2014-11-28 00:00:00,6.704,6.354,7.447,7.118,512561,2430348000.00
2014-12-05 00:00:00,7.085,6.851,7.637,6.954,609519,2994954000.00
2014-12-12 00:00:00,6.849,6.362,7.186,7.126,484636,2229606000.00
2014-12-19 00:00:00,7.123,6.476,7.262,6.531,357482,1667169000.00
2014-12-26 00:00:00,6.496,6.279,7.050,6.868,334027,1522871000.00
2015-01-02 00:00:00,6.946,6.863,7.394,7.144,277291,1332999000.00
2015-01-09 00:00:00,7.144,6.810,8.932,8.639,875218,4809957000.00
2015-01-16 00:00:00,8.765,8.457,9.676,9.588,671651,4034067000.00
2015-01-23 00:00:00,9.345,9.018,10.559,9.603,737717,4871598000.00
2015-01-30 00:00:00,9.676,9.255,10.092,9.389,408266,2667618000.00
2015-02-06 00:00:00,9.304,9.289,10.798,10.210,518313,3548621000.00
2015-02-13 00:00:00,10.286,9.648,10.858,10.512,502924,3476361000.00
2015-02-20 00:00:00,10.561,10.407,11.121,10.863,221878,1610355000.00
2015-02-27 00:00:00,10.876,10.479,12.130,12.130,326318,2485920000.00
2015-03-06 00:00:00,12.121,11.327,12.745,11.484,574895,4650793000.00
2015-03-13 00:00:00,11.467,11.383,12.407,12.275,396890,3161529000.00
2015-03-20 00:00:00,12.838,12.350,13.835,13.320,647998,5672281000.00
2015-03-27 00:00:00,13.322,12.836,14.230,13.374,733841,6592679000.00
2015-04-03 00:00:00,13.436,13.033,14.960,14.573,638861,6007848000.00
2015-04-10 00:00:00,14.749,13.172,15.576,15.576,566308,5487322000.00
2015-04-17 00:00:00,15.994,14.354,16.658,14.501,764077,7911700000.00
2015-04-24 00:00:00,14.400,13.506,18.211,17.494,1657284,9352323000.00
2015-05-01 00:00:00,17.544,15.043,17.734,16.182,1355860,6746700000.00
2015-05-08 00:00:00,16.205,15.040,17.106,17.106,1353268,6559804000.00
2015-05-15 00:00:00,17.367,16.879,18.659,18.081,985507,5310100000.00
2015-06-19 00:00:00,19.904,17.377,21.910,17.504,1776330,10952480000.00
2015-06-26 00:00:00,17.470,15.504,20.064,15.504,1134639,6163926000.00
2015-07-03 00:00:00,15.858,12.706,17.477,17.210,2097007,9855658000.00
2015-07-10 00:00:00,18.846,14.573,18.846,14.573,646754,3228651000.00
2015-07-17 00:00:00,16.045,14.783,18.479,18.298,1468337,7642481000.00
2015-07-24 00:00:00,18.545,17.884,20.148,19.180,1589491,9068370000.00
2015-07-31 00:00:00,19.213,17.043,20.622,17.811,1814574,10433980000.00
2015-08-07 00:00:00,17.210,16.015,18.045,17.878,937081,4830105000.00
2015-08-14 00:00:00,17.988,17.210,19.106,17.844,785325,4322041000.00
2015-08-21 00:00:00,17.677,14.556,17.697,14.589,791542,3910848000.00
2015-08-28 00:00:00,13.705,11.792,14.873,14.422,1322995,5234283000.00
2015-09-04 00:00:00,14.205,13.064,14.853,14.442,603146,2570265000.00
2015-09-11 00:00:00,14.539,14.008,15.594,15.000,601848,2739720000.00
2015-09-18 00:00:00,15.043,13.284,15.741,15.431,617918,2733309000.00
2015-09-25 00:00:00,15.207,15.143,16.866,15.664,544249,2648725000.00
2015-10-02 00:00:00,15.641,15.641,18.041,17.447,464001,2421880000.00
2015-10-09 00:00:00,18.078,17.707,18.779,18.445,209163,1158162000.00
2015-10-16 00:00:00,18.462,18.148,21.466,20.458,793186,4631608000.00
2015-10-23 00:00:00,20.642,19.397,21.320,20.455,976890,5988520000.00
2015-10-30 00:00:00,20.679,19.867,22.448,19.967,911185,5748585000.00
2015-11-06 00:00:00,19.547,19.380,22.051,21.867,844802,5365639000.00
2015-11-13 00:00:00,21.880,20.986,23.753,21.767,1084361,7298808000.00
2015-11-20 00:00:00,21.330,19.527,22.541,20.545,1127000,7059104000.00
2015-11-27 00:00:00,20.205,19.253,21.046,19.577,767078,4687420000.00
2015-12-04 00:00:00,19.580,19.213,20.582,19.814,578638,3497033000.00
2015-12-11 00:00:00,20.054,19.754,22.625,21.276,894852,5733390000.00
2015-12-18 00:00:00,20.916,20.174,21.850,21.450,724439,4601953000.00
2015-12-25 00:00:00,21.223,20.719,22.375,21.320,577646,3733445000.00
2016-01-01 00:00:00,21.617,19.750,21.784,19.877,405408,2507463000.00
2016-01-08 00:00:00,19.747,14.896,19.831,16.659,844566,4491705000.00
2016-01-15 00:00:00,16.212,15.951,18.866,18.041,1126957,5970802000.00
2016-01-22 00:00:00,17.707,16.749,18.879,17.494,623381,3400410000.00
2016-01-29 00:00:00,17.627,16.342,18.245,17.277,525630,2739297000.00
2016-02-05 00:00:00,17.193,17.076,19.176,18.485,480618,2659703000.00
2016-02-19 00:00:00,18.045,18.008,19.957,19.166,459714,2672797000.00
2016-02-26 00:00:00,19.283,17.073,19.470,17.894,572536,3186174000.00
2016-03-04 00:00:00,17.797,16.268,18.111,16.569,669126,3484831000.00
2016-03-11 00:00:00,16.726,16.065,17.597,16.776,380655,1944553000.00
2016-03-18 00:00:00,17.043,17.003,19.126,18.769,487287,2653997000.00
2016-03-25 00:00:00,18.946,18.482,19.440,19.089,503269,2866743000.00
2016-04-01 00:00:00,19.180,18.282,19.781,19.510,421744,2438911000.00
2016-04-08 00:00:00,19.380,18.732,20.098,18.963,277852,1636045000.00
2016-04-15 00:00:00,19.153,19.113,19.927,19.513,315597,1865641000.00
2016-04-22 00:00:00,19.380,18.178,19.537,18.836,277492,1583700000.00
2016-04-29 00:00:00,18.866,18.512,22.251,21.219,612665,3809185000.00
2016-05-06 00:00:00,21.203,20.542,21.961,20.645,470479,3003461000.00
2016-05-13 00:00:00,20.649,19.807,21.303,20.876,526518,3288029000.00
2016-05-20 00:00:00,20.685,20.488,22.525,22.184,585434,3809889000.00
2016-05-27 00:00:00,22.184,20.889,22.979,21.300,495344,3265740000.00
2016-06-03 00:00:00,21.246,20.882,23.443,22.965,608368,4090891000.00
2016-06-10 00:00:00,22.969,22.588,23.433,22.952,321687,2222988000.00
2016-06-17 00:00:00,22.652,21.884,23.286,22.071,551330,3739365000.00
2016-06-24 00:00:00,21.954,21.119,22.448,21.607,391446,2571590000.00
2016-07-01 00:00:00,21.583,21.583,22.945,22.578,358982,2412597000.00
2016-07-08 00:00:00,22.451,21.887,23.102,22.067,394845,2659638000.00
2016-07-15 00:00:00,22.051,22.051,25.082,24.855,763249,5436186000.00
2016-07-22 00:00:00,24.688,23.680,25.109,23.837,422948,3087160000.00
2016-07-29 00:00:00,23.723,23.666,25.456,24.751,547178,4037523000.00
2016-08-05 00:00:00,24.741,23.810,25.032,24.615,387735,2845251000.00
2016-08-12 00:00:00,24.454,23.787,25.149,24.217,383738,2820787000.00
2016-08-19 00:00:00,24.287,23.496,24.605,23.700,522094,3755117000.00
2016-08-26 00:00:00,23.623,23.496,24.237,24.017,307007,2200436000.00
2016-09-02 00:00:00,24.007,22.168,24.381,22.338,444456,3094504000.00
2016-09-09 00:00:00,22.354,22.117,23.483,22.351,388913,2677386000.00
2016-09-16 00:00:00,21.977,21.884,22.578,22.127,191944,1282802000.00
2016-09-23 00:00:00,21.620,21.613,22.869,22.131,308508,2074162000.00
2016-09-30 00:00:00,22.351,22.328,23.580,23.219,338162,2336056000.00
2016-10-14 00:00:00,23.343,21.283,23.860,21.283,556200,3711841000.00
2016-10-21 00:00:00,21.216,20.241,21.266,20.455,657551,4110095000.00
2016-10-28 00:00:00,20.415,20.365,21.239,20.939,449510,2807093000.00
2016-11-04 00:00:00,20.916,19.734,20.932,19.791,471260,2890930000.00
2016-11-11 00:00:00,19.740,19.240,20.008,19.847,560186,3307420000.00
2016-11-18 00:00:00,19.921,19.383,20.448,19.627,472919,2834478000.00
2016-11-25 00:00:00,19.544,19.417,19.941,19.861,392015,2320355000.00
2016-12-02 00:00:00,19.937,19.263,20.542,19.263,530803,3191131000.00
2016-12-09 00:00:00,19.226,18.278,19.510,18.278,377706,2151719000.00
2016-12-16 00:00:00,18.211,17.644,18.375,18.111,507234,2738741000.00
2016-12-23 00:00:00,18.061,17.781,18.328,17.781,258868,1409197000.00
2016-12-30 00:00:00,17.661,16.943,17.878,17.814,250159,1322379000.00
2017-01-06 00:00:00,17.911,17.844,18.669,18.185,231371,1274284000.00
2017-01-13 00:00:00,18.238,17.280,18.262,17.327,258258,1382642000.00
2017-01-20 00:00:00,16.609,15.140,16.709,15.711,670113,3162962000.00
2017-01-27 00:00:00,15.691,15.531,16.228,16.118,249316,1192034000.00
2017-02-03 00:00:00,16.128,15.875,16.208,15.911,36138,173534000.00
2017-02-10 00:00:00,15.911,15.865,16.455,16.275,240551,1176051000.00
2017-03-10 00:00:00,16.696,16.609,18.242,17.454,782298,4096259000.00
2017-03-17 00:00:00,17.510,14.723,18.011,15.130,2756303,13003830000.00
2017-03-24 00:00:00,15.107,13.982,15.107,14.275,1540131,6722199000.00
2017-03-31 00:00:00,14.272,13.271,14.366,13.437,1142926,4770069000.00
2017-04-07 00:00:00,13.387,13.284,13.798,13.488,465545,1906937000.00
2017-04-14 00:00:00,13.287,12.680,13.367,12.696,800555,3123848000.00
2017-04-21 00:00:00,12.620,12.156,13.230,12.960,1123912,4322574000.00
2017-04-28 00:00:00,12.997,12.150,13.530,13.310,3359274,4766349000.00
2017-05-05 00:00:00,13.300,12.930,13.580,13.080,2938521,3884602000.00
2017-05-12 00:00:00,12.920,11.910,13.000,12.190,2848830,3561457000.00
2017-05-19 00:00:00,12.300,11.340,12.540,11.940,2765074,3325912000.00
2017-05-26 00:00:00,11.850,10.780,11.930,11.160,2068835,2326685000.00
2017-06-02 00:00:00,11.390,10.710,11.460,11.220,1192473,1322935000.00
2017-06-09 00:00:00,11.250,11.170,11.730,11.440,2033101,2320801000.00
2017-06-16 00:00:00,11.320,11.160,12.670,12.190,4387792,5327132000.00
2017-06-23 00:00:00,12.180,11.410,12.390,11.730,2618913,3154650000.00
2017-06-30 00:00:00,11.660,11.640,12.270,12.070,2279979,2738328000.00
2017-07-07 00:00:00,12.050,11.750,12.420,11.800,2413772,2918830000.00
2017-07-14 00:00:00,11.730,10.400,11.810,10.430,2464595,2757685000.00
2017-07-21 00:00:00,10.400,9.520,10.400,9.600,724354,712942700.00
